"option1attribute1","option1attribute2","option2attribute1","option2attribute2","option3attribute1","option3attribute2","value1","value2","value3","ppntid","trialtype","trialid"
0.509055740665644,0.322683922946453,0.531598903238773,-0.71431593131274,0.172087940387428,0.414537696167827,0.341321104718372,-0.589724447857588,0.390292720589787,1,"random",1
-0.15981492260471,0.981794352643192,-0.827963679563254,0.0982306487858295,-0.242631017696112,-0.224558941088617,0.867633425118402,0.00561121595092118,-0.226366148749366,1,"random",2
-0.349381328560412,0.992913206107914,0.492816191632301,0.559579919558018,0.809340132400393,0.333449989557266,0.858683752641082,0.552903546765447,0.381039003841579,1,"random",3
0.383657236583531,0.892138850875199,-0.740801925305277,0.901133221108466,0.905277793295681,-0.824294646270573,0.841290689446032,0.736939706467092,-0.651337402313948,1,"random",4
0.687673813197762,0.514245521277189,0.176870125345886,-0.389994889497757,-0.972649908624589,-0.353615202941,0.531588350469247,-0.333308388013393,-0.415518673509359,1,"random",5
-0.660212703980505,-0.56247784383595,-0.0546705387532711,-0.98394043231383,0.553525612223893,0.582842482253909,-0.572251329850405,-0.891013442957774,0.579910795250907,1,"random",6
-0.761961681768298,-0.612749098334461,0.998678164556623,0.806462801061571,-0.989345316309482,0.447579456493258,-0.627670356677845,0.825684337411076,0.303886979212984,1,"random",7
-0.186516072135419,-0.954163113143295,-0.204798840917647,-0.644927264656872,-0.492904410231858,0.827289520297199,-0.877398409042507,-0.600914422282949,0.695270127244294,1,"random",8
-0.250266436487436,-0.40046970685944,0.542152052279562,-0.97136666579172,-0.61804111674428,0.998612154275179,-0.385449379822239,-0.820014793984592,0.836946827173233,1,"random",9
-0.962731806561351,0.435762443114072,0.0747064659371972,-0.217067452147603,-0.00145201059058309,0.979852756485343,0.29591301814653,-0.187890060339123,0.88172227977775,1,"random",10
0.953357358463109,0.495846024248749,-8.04664264153689,1.49584602424875,-9.87875146428123,1.53274700455368,0.541597157670185,0.541597157670185,0.391597157670185,1,"attraction",11
-0.890965403523296,0.562278781086206,-9.8909654035233,1.56227878108621,-11.1142872451339,1.53153676348738,0.416954362625256,0.416954362625256,0.266954362625256,1,"attraction",12
0.245549086015671,-0.740756293293089,-8.75445091398433,0.259243706706911,-9.67817770196125,0.195213349815458,-0.642125755362213,-0.642125755362213,-0.792125755362213,1,"attraction",13
-0.662535277660936,-0.275835451669991,0.337464722339064,-0.386946562781102,0.281649623299018,-0.547411551776652,-0.314505434269086,-0.314505434269086,-0.464505434269085,1,"attraction",14
-0.992714520078152,-0.68496824381873,0.00728547992184758,-0.796079354929841,0.0947263332083823,-0.972461671961679,-0.715742871444672,-0.715742871444672,-0.865742871444672,1,"attraction",15
0.643266364000738,-0.496397812385112,1.64326636400074,-0.607508923496223,1.56677750865929,-0.765676828458284,-0.382431394746527,-0.382431394746527,-0.532431394746527,1,"attraction",16
-0.161279951687902,-0.268254979513586,-9.1612799516879,0.731745020486414,-10.0218721427955,0.660699708387256,-0.257557476731017,-0.257557476731017,-0.407557476731017,1,"attraction",17
0.49158075498417,-0.78043361287564,1.49158075498417,-0.891544723986751,1.4655012502335,-1.05531366790334,-0.653232176089659,-0.653232176089659,-0.803232176089659,1,"attraction",18
0.793947941157967,-0.78730243537575,-8.20605205884203,0.21269756462425,-10.3162513156421,0.280497482046485,-0.629177397722378,-0.629177397722378,-0.779177397722378,1,"attraction",19
-0.946166958194226,0.530696413479745,0.053833041805774,0.419585302368634,0.00879808967001738,0.257922519272607,0.383010076312348,0.383010076312348,0.233010076312348,1,"attraction",20
-0.802604457829148,0.422708952333778,-9.80260445782915,1.42270895233378,-11.2237961944658,1.41395247862674,0.300177611317486,0.300177611317486,0.150177611317486,1,"attraction",21
0.231906084343791,-0.734459780622274,-8.76809391565621,0.265540219377726,-9.51324880793691,0.181668540742248,-0.637823194125667,-0.637823194125667,-0.787823194125667,1,"attraction",22
0.58708179788664,-0.253267130814493,1.58708179788664,-0.364378241925604,1.6468592280522,-0.537686845277333,-0.169232237944379,-0.169232237944379,-0.319232237944379,1,"attraction",23
0.729232608806342,-0.154500270262361,1.72923260880634,-0.265611381373472,1.64840704496019,-0.42329742983501,-0.0661269823554903,-0.0661269823554903,-0.21612698235549,1,"attraction",24
-0.422660367097706,-0.38978355564177,0.577339632902294,-0.500894666752882,0.640560667868704,-0.67458589286026,-0.393071236787364,-0.393071236787364,-0.543071236787364,1,"attraction",25
0.325475592166185,0.288836869876832,1.32547559216619,0.177725758765721,1.271129544219,0.0170975418709633,0.292500742105767,0.292500742105767,0.142500742105767,1,"attraction",26
-0.0273127048276365,0.16003827098757,0.972687295172364,0.0489271598764592,1.03522169720382,-0.124687773682591,0.14130317340605,0.14130317340605,-0.00869682659395038,1,"attraction",27
-0.835933533497155,-0.0724001503549516,-9.83593353349715,0.927599849645048,-11.5130027362611,0.947274205507711,-0.148753488669172,-0.148753488669172,-0.298753488669172,1,"attraction",28
-0.903950456995517,0.636190770659596,0.096049543004483,0.525079659548485,0.0135785084217787,0.367576441168785,0.482176647894084,0.482176647894084,0.332176647894084,1,"attraction",29
0.694824222940952,0.837417140137404,-8.30517577705905,1.8374171401374,-9.05285042198375,1.75382543401793,0.823157848417759,0.823157848417759,0.673157848417759,1,"attraction",30
-0.914541660808027,-0.47822178946808,0.0854583391919732,-0.589332900579191,0.023051188653335,-0.749065439408231,-0.521853776602075,-0.521853776602075,-0.671853776602075,1,"attraction",31
-0.868637001141906,-0.124902904964983,0.131362998858094,-0.236014016076095,0.141983505059034,-0.40386073898731,-0.199276314582676,-0.199276314582676,-0.349276314582676,1,"attraction",32
-0.491014541126788,-0.669642554130405,0.508985458873212,-0.780753665241516,0.554541674442589,-0.952482133638114,-0.651779752830043,-0.651779752830043,-0.801779752830043,1,"attraction",33
0.172931052278727,0.827091955114156,-8.82706894772127,1.82709195511416,-9.79960882882588,1.76848527523689,0.761675864830613,0.761675864830613,0.611675864830613,1,"attraction",34
-0.382182507310063,-0.623155038338155,0.617817492689937,-0.734266149449266,0.621606436185539,-0.901353809837666,-0.599057785235345,-0.599057785235345,-0.749057785235345,1,"attraction",35
-0.551443783100694,0.915171698667109,-9.55144378310069,1.91517169866711,-10.4990495851729,1.85379456556402,0.768510150490329,0.768510150490329,0.618510150490329,1,"attraction",36
0.861444374546409,-0.562924526631832,1.86144437454641,-0.674035637742943,1.83329474562779,-0.837574567863097,-0.420487636514008,-0.420487636514008,-0.570487636514008,1,"attraction",37
0.734615121502429,0.991296730469912,-8.26538487849757,1.99129673046991,-9.8951903573703,2.00571956145577,0.965628569573164,0.965628569573164,0.815628569573164,1,"attraction",38
0.400663438253105,0.148143268655986,1.4006634382531,0.0370321575448745,1.33331972835585,-0.122151874688764,0.173395285615698,0.173395285615698,0.0233952856156975,1,"attraction",39
-0.00159225100651383,0.839937141630799,0.998407748993486,0.728826030519687,0.988912921724841,0.563214344660648,0.755784202367067,0.755784202367067,0.605784202367067,1,"attraction",40
-0.152040204964578,-0.845907861832529,0.855542793869972,-0.373820907901973,-0.174639277160168,-0.2104282672517,-0.714843971090805,-0.141607764233939,-0.203668124678855,2,"random",41
0.386543631087989,0.184385647531599,-0.698628626298159,-0.315151626709849,0.135362204164267,0.519878693390638,0.222571044425584,-0.38758617107653,0.447247800981212,2,"random",42
0.77012004936114,0.477409484330565,-0.129801148548722,-0.959064095281065,0.800324245356023,-0.749923451337963,0.532699257725229,-0.802425538676067,-0.457098886406877,2,"random",43
0.993612500838935,-0.870754294563085,0.653768565505743,-0.287995273713022,-0.196340659167618,0.934173662215471,-0.518596122098259,-0.110106548527256,0.720632068176443,2,"random",44
0.0768597284331918,0.260922063142061,-0.335661403369159,-0.794156773481518,0.970643642824143,0.338815759401768,0.226154733252608,-0.707552092460295,0.458161026270439,2,"random",45
-0.996911405585706,-0.268225751351565,0.0644691656343639,0.110645536798984,0.0876999055035412,0.0995268803089857,-0.405866374929125,0.101923333356778,0.0972928961790684,2,"random",46
0.169022712856531,-0.874612565152347,-0.880723991896957,0.794705643784255,0.171177142299712,0.649881770368665,-0.677481457084003,0.478235601488915,0.559459785066752,2,"random",47
0.148859799373895,-0.329274863004684,0.791833153460175,-0.862295160535723,0.399386023171246,-0.890615502372384,-0.238960537888731,-0.549848701225387,-0.646948547547476,2,"random",48
0.73534419760108,0.645814547780901,-0.661686182953417,0.631853089667857,-0.0990058374591172,-0.496019522193819,0.662725703858046,0.387517893728283,-0.421028048410598,2,"random",49
0.152052429970354,0.367266621440649,0.214545017573982,0.345531399827451,-0.512201429810375,0.905848164111376,0.326615051940704,0.320789527624018,0.637994351926156,2,"random",50
0.399120367132127,-0.45930809667334,1.39912036713213,-0.692184809002107,1.49379102485254,-0.899162907375354,-0.297160497954529,-0.297160497954529,-0.447160497954529,2,"attraction",51
0.197423515841365,0.312676628120244,-4.09669413121746,1.31267662812024,-5.1249829837532,1.36720964857377,0.2909065958009,0.2909065958009,0.1409065958009,2,"attraction",52
0.68321194127202,0.654895288869739,1.68321194127202,0.422018576540971,1.67698373105377,0.238537474810975,0.660243989879058,0.660243989879058,0.510243989879058,2,"attraction",53
0.965920965187252,-0.196088764816523,-3.32819668187157,0.803911235183477,-4.35090012595551,0.857143544079736,0.0234019619619681,0.0234019619619681,-0.126598038038032,2,"attraction",54
0.790813120547682,0.601757237687707,-3.50330452651114,1.60175723768771,-4.4085003794527,1.62762476508506,0.637467793339036,0.637467793339036,0.487467793339036,2,"attraction",55
0.803641064092517,0.639158390462399,1.80364106409252,0.406281678133631,1.80342793655582,0.22139980372437,0.670227339925865,0.670227339925865,0.520227339925865,2,"attraction",56
0.561911659315228,-0.456512697041035,1.56191165931523,-0.689389409369802,1.60482784826308,-0.884315097206974,-0.264143651951518,-0.264143651951518,-0.414143651951518,2,"attraction",57
0.782993411179632,-0.943661677651107,1.78299341117963,-1.17653838997987,1.81879299092107,-1.36980678526213,-0.617515716427523,-0.617515716427523,-0.767515716427523,2,"attraction",58
0.142080257646739,0.667404492385685,1.14208025764674,0.434527780056918,1.10104197915643,0.259153132582058,0.56817658137944,0.56817658137944,0.41817658137944,2,"attraction",59
-0.661808962002397,-0.967322581447661,-4.95592660906122,0.0326774185523391,-5.41910838443402,-0.0443898392375558,-0.909614453330222,-0.909614453330222,-1.05961445333022,2,"attraction",60
0.610888981726021,-0.734342327807099,-3.6832286653328,0.265657672192901,-4.12542568742133,0.183703554049134,-0.480243080450843,-0.480243080450843,-0.630243080450843,2,"attraction",61
0.467690635938197,0.00277818366885185,1.4676906359382,-0.230098528659915,1.42301231632009,-0.404625495324192,0.0905949802086171,0.0905949802086171,-0.0594050197913829,2,"attraction",62
0.694052564911544,0.421583436895162,-3.60006508214728,1.42158343689516,-4.65633998046739,1.48263375568204,0.473049827742701,0.473049827742701,0.323049827742701,2,"attraction",63
-0.492747595533729,-0.195110704284161,-4.78686524259255,0.804889295715839,-5.43636166690575,0.771210380829871,-0.251331005964635,-0.251331005964635,-0.401331005964635,2,"attraction",64
-0.650037863757461,-0.267403171397746,0.349962136242539,-0.500279883726513,0.255520623689517,-0.663218161625124,-0.339678613287914,-0.339678613287914,-0.489678613287914,2,"attraction",65
0.682152012363076,0.927397886756808,1.68215201236308,0.69452117442804,1.70534458588809,0.504188657305777,0.881073666037992,0.881073666037992,0.731073666037992,2,"attraction",66
0.85072849271819,-0.75079710315913,-3.44338915434063,0.24920289684087,-4.28566922541598,0.260418803803623,-0.448286712826747,-0.448286712826747,-0.598286712826747,2,"attraction",67
0.976578112691641,0.403005880303681,-3.31753953436718,1.40300588030368,-3.90098183837664,1.35394449904561,0.511347301976962,0.511347301976962,0.361347301976962,2,"attraction",68
-0.251410923432559,0.773389786016196,0.748589076567441,0.540513073687429,0.67589640757069,0.372509996604481,0.579816318675876,0.579816318675876,0.429816318675876,2,"attraction",69
0.804696286097169,0.717953002545983,1.80469628609717,0.485076290217215,1.81107583618723,0.298659134716791,0.73433784499454,0.73433784499454,0.58433784499454,2,"attraction",70
0.870196830946952,0.129776573739946,1.87019683094695,-0.103100138588821,1.84909959691577,-0.283118590937723,0.269633733434603,0.269633733434603,0.119633733434603,2,"attraction",71
0.766999123152345,-0.532259920146316,-3.52711852390648,0.467740079853684,-4.70283449660329,0.556605443358421,-0.286844323078791,-0.286844323078791,-0.436844323078791,2,"attraction",72
-0.68093526083976,0.907728691119701,0.31906473916024,0.674851978790934,0.250126391183585,0.505974607771798,0.607647722416247,0.607647722416247,0.457647722416247,2,"attraction",73
0.304692500736564,-0.945916435215622,1.30469250073656,-1.17879314754439,1.28926869337447,-1.36013280884363,-0.709690302869098,-0.709690302869098,-0.859690302869098,2,"attraction",74
0.240095095243305,0.844139617402107,-4.05402255181552,1.84413961740211,-4.91411374692038,1.85950332037173,0.730042318772111,0.730042318772111,0.580042318772111,2,"attraction",75
-0.269830427132547,-0.893380891997367,-4.56394807419137,0.106619108002633,-5.02790472444476,0.0297323005273938,-0.775599137522901,-0.775599137522901,-0.925599137522901,2,"attraction",76
-0.663706795312464,0.916898068506271,0.336293204687536,0.684021356177503,0.248385083442554,0.519561603590718,0.618339372007176,0.618339372007176,0.468339372007176,2,"attraction",77
-0.0156217841431499,0.405842213425785,0.98437821585685,0.172965501097018,1.02914445009083,-0.0223910192040446,0.32623234721832,0.32623234721832,0.17623234721832,2,"attraction",78
0.75885403342545,0.424584263935685,1.75885403342545,0.191707551606918,1.70785563183017,0.0186523848551337,0.487724109283752,0.487724109283752,0.337724109283752,2,"attraction",79
0.515297509729862,-0.999253042973578,-3.77882013732896,0.000746957026422024,-4.2155241964741,-0.0824863442685455,-0.713171271907373,-0.713171271907373,-0.863171271907373,2,"attraction",80
0.553165660705417,-0.412954707629979,-0.304370439145714,0.298235261812806,0.687457384075969,-0.861850605346262,-0.144587938647924,0.130844789324328,-0.431487274951198,3,"random",81
-0.469323171768337,0.42064058734104,-0.897862324491143,-0.329038350377232,0.7869574399665,-0.543940309435129,0.17342843203288,-0.487045009853318,-0.174246490156899,3,"random",82
0.143928689416498,-0.617909520864487,0.999526478350163,0.0036992859095335,0.64011902268976,0.274196708574891,-0.406287795786435,0.280317950476375,0.375841795829021,3,"random",83
0.705594695173204,0.37421154556796,0.555028437636793,-0.70669955201447,-0.453748985659331,-0.479157802648842,0.466262420458305,-0.356219554889119,-0.472099797929534,3,"random",84
-0.28893762640655,-0.478138617705554,0.710776198655367,0.469718500506133,0.708625221159309,0.468611075077206,-0.425582786789164,0.536678972214253,0.535281671211123,3,"random",85
0.440087950788438,0.966678549535573,-0.676145270466805,0.532359756994992,0.907938444986939,-0.468185622710735,0.820403383216924,0.196663916033382,-0.0859289372391585,3,"random",86
-0.828324859961867,-0.542148495092988,-0.335140954237431,0.903598017524928,0.979931170586497,-0.12301277462393,-0.621641929778788,0.55950385870205,0.183360543490077,3,"random",87
0.399806435219944,0.778153911232948,0.668318946380168,0.468842920847237,0.293806614819914,0.68575653526932,0.673057390118225,0.524252927939718,0.576881557366707,3,"random",88
-0.680717496667057,-0.272587545216084,-0.449814982246608,-0.750410954933614,0.131253898143768,0.346480445936322,-0.385956976174687,-0.666912073631667,0.286695293771724,3,"random",89
-0.996593739837408,0.60184244485572,-0.60351426852867,0.333490877877921,0.575468617491424,0.904362942092121,0.157832393552073,0.0732116705427567,0.813003407480816,3,"random",90
0.0527553628198802,-0.223291770089418,-2.54724463718012,0.776708229910582,-2.89574298930354,0.703053749958053,-0.146612010947946,-0.146612010947946,-0.296612010947946,3,"attraction",91
0.372499376069754,-0.413802981842309,1.37249937606975,-0.798418366457694,1.35648916671053,-0.999952901319529,-0.195385660200069,-0.195385660200069,-0.345385660200069,3,"attraction",92
0.69964249106124,-0.845070822630078,1.69964249106124,-1.22968620724546,1.65641534198076,-1.42075268836835,-0.415983791049156,-0.415983791049156,-0.565983791049156,3,"attraction",93
-0.55612160358578,-0.905890133231878,-3.15612160358578,0.0941098667681217,-3.46777772069909,0.00628529642708597,-0.808732208330184,-0.808732208330184,-0.958732208330184,3,"attraction",94
-0.803400817792863,-0.16330724908039,0.196599182207137,-0.547922633695774,0.120746462605894,-0.726440818464527,-0.341111018167188,-0.341111018167188,-0.491111018167188,3,"attraction",95
-0.98074096487835,-0.0333275990560651,0.0192590351216495,-0.41794298367145,0.0707039348781109,-0.645421791270089,-0.296497978451144,-0.296497978451144,-0.446497978451144,3,"attraction",96
0.554938573390245,0.94825213868171,1.55493857339025,0.563636754066325,1.48735473412089,0.381938230708385,0.838998370545192,0.838998370545192,0.688998370545192,3,"attraction",97
-0.120287208352238,0.302308866288513,-2.72028720835224,1.30230886628851,-3.35939862095751,1.34042864036746,0.184921067777193,0.184921067777193,0.0349210677771933,3,"attraction",98
0.599293627776206,0.539479701314121,-2.00070637222379,1.53947970131412,-2.62356785795651,1.57134950351901,0.556094680886923,0.556094680886923,0.406094680886923,3,"attraction",99
0.336544054094702,-0.695331730414182,-2.2634559459053,0.304668269585818,-2.84395291608758,0.320244027348235,-0.408699568050603,-0.408699568050603,-0.558699568050603,3,"attraction",100
-0.698550708126277,0.0723574846051633,0.301449291873723,-0.312257900010221,0.315744177438319,-0.525448240611989,-0.141783680042459,-0.141783680042459,-0.291783680042459,3,"attraction",101
0.682713653892279,0.0552769703790545,1.68271365389228,-0.32933841423633,1.63183604059741,-0.517462409122919,0.229564938021617,0.229564938021617,0.0795649380216168,3,"attraction",102
0.692295799497515,-0.103593517560512,-1.90770420050248,0.896406482439488,-2.55035015569068,0.935885695973411,0.11748684828894,0.11748684828894,-0.03251315171106,3,"attraction",103
0.146170471329242,-0.0142774870619178,1.14617047132924,-0.398892871677302,1.14562209155411,-0.606374264071481,0.0302913902689599,0.0302913902689599,-0.11970860973104,3,"attraction",104
0.917395867407322,-0.601643546018749,-1.68260413259268,0.398356453981251,-2.23968440893106,0.404925791034475,-0.179688153400396,-0.179688153400396,-0.329688153400396,3,"attraction",105
-0.518587586004287,-0.631927726324648,-3.11858758600429,0.368072273675352,-3.74207709317096,0.40018362258561,-0.600444354013436,-0.600444354013436,-0.750444354013436,3,"attraction",106
-0.439501982647926,-0.991356683429331,-3.03950198264793,0.00864331657066941,-3.43674096731469,-0.0462647662498057,-0.838063710990052,-0.838063710990052,-0.988063710990052,3,"attraction",107
-0.943008089438081,0.490772808436304,0.0569919105619192,0.10615742382092,0.0812020968180152,-0.110846493969886,0.0925003368045306,0.0925003368045306,-0.0574996631954694,3,"attraction",108
-0.314655386377126,-0.530809828080237,-2.91465538637713,0.469190171919763,-3.59188594651408,0.521971156587824,-0.470766927607151,-0.470766927607151,-0.620766927607151,3,"attraction",109
-0.550434032920748,0.309911041986197,-3.15043403292075,1.3099110419862,-3.6887176228594,1.3092508842703,0.0709262989564902,0.0709262989564902,-0.0790737010435097,3,"attraction",110
-0.134441632311791,0.326714808121324,0.865558367688209,-0.0579005764940611,0.890400303341448,-0.27514747482223,0.198615796889903,0.198615796889903,0.0486157968899028,3,"attraction",111
-0.40385520318523,0.46407304238528,0.59614479681477,0.0794576577698955,0.664905730448663,-0.154681162858525,0.222981863060138,0.222981863060138,0.0729818630601383,3,"attraction",112
0.00940270116552711,0.423368891235441,1.00940270116553,0.0387535066200563,1.10453142025508,-0.205526769952849,0.308378282882687,0.308378282882687,0.158378282882687,3,"attraction",113
0.990912877954543,0.903464306611568,1.99091287795454,0.518848921996183,2.04321371340193,0.291040908362573,0.927755576429061,0.927755576429061,0.777755576429061,3,"attraction",114
-0.649539275094867,0.868528545368463,-3.24953927509487,1.86852854536846,-3.77903126003221,1.86448700111359,0.446843039684205,0.446843039684205,0.296843039684205,3,"attraction",115
-0.349185378756374,-0.0518106673844159,-2.94918537875637,0.948189332615584,-3.71330929136835,1.03439083746634,-0.134414753876626,-0.134414753876626,-0.284414753876626,3,"attraction",116
0.833041499834508,-0.346001816447824,1.83304149983451,-0.730617201063209,1.79387251976877,-0.923244516422542,-0.0184897841471764,-0.0184897841471765,-0.168489784147176,3,"attraction",117
-0.0349472393281758,-0.245668069925159,-2.63494723932818,0.754331930074841,-2.98651356444694,0.681857439735904,-0.187134505870442,-0.187134505870442,-0.337134505870442,3,"attraction",118
0.606590775307268,-0.91774126002565,1.60659077530727,-1.30235664464104,1.64926294940524,-1.52646132698641,-0.494315694655395,-0.494315694655395,-0.644315694655395,3,"attraction",119
0.79098945017904,-0.449675333686173,1.79098945017904,-0.834290718301558,1.71795048033819,-1.01389111451661,-0.105046227056947,-0.105046227056947,-0.255046227056947,3,"attraction",120
0.852310731541365,0.286130121443421,0.20888893911615,-0.39419446606189,-0.569761051330715,0.639432512689382,0.493729678479334,-0.173063884163275,0.196061539215346,4,"random",121
0.133206048049033,0.809054973069578,0.203271341975778,-0.598510161042213,0.638256213627756,0.312733532395214,0.561243700562045,-0.304523609935616,0.432091848847146,4,"random",122
-0.124654565937817,-0.724550716113299,-0.957985426764935,0.416582394391298,-0.806284460704774,-0.831593687646091,-0.504588794382289,-0.0874258066993208,-0.822313637767608,4,"random",123
-0.60869364021346,0.970667730085552,0.330085450783372,0.976428473368287,-0.224230410531163,0.627865156624466,0.391568560975914,0.739436031753818,0.315430115334069,4,"random",124
-0.461028179619461,-0.0450157499872148,-0.601828204933554,0.492247522808611,0.12214974546805,-0.568336092401296,-0.197553640852372,0.0910864226364841,-0.315157951849202,4,"random",125
-0.60547072160989,-0.884610014501959,-0.309311635792255,0.244103629607707,-0.6527707464993,-0.988207429647446,-0.782258940441534,0.0411846989610543,-0.865213979159792,4,"random",126
-0.834940204862505,-0.619987077545375,0.660515638999641,-0.204902856145054,-0.81232741009444,0.779693690128624,-0.698803224228323,0.112417258741334,0.195952620046834,4,"random",127
0.0582170682027936,0.651755747385323,-0.430091227870435,0.556356217712164,-0.710149962455034,-0.545846235472709,0.434124898351729,0.194658820998544,-0.606090935366228,4,"random",128
0.204606662504375,0.784615896642208,0.290951656643301,-0.134700675494969,0.794009190052748,0.891135920770466,0.571945844125003,0.0213718462890635,0.85552278617397,4,"random",129
0.254989215638489,-0.833963944576681,-0.110128909349442,-0.276798409409821,0.990744484122843,-0.00130215752869844,-0.434681119164452,-0.215686259387682,0.362448277743533,4,"random",130
0.44887853320688,-0.684227532707155,-1.27839419406585,0.315772467292845,-1.6237340498377,0.278863962739706,-0.268755308538675,-0.268755308538675,-0.418755308538675,4,"attraction",131
0.358945719432086,-0.087919395416975,-1.36832700784064,0.912080604583025,-1.61138790504245,0.815957966120914,0.0759311466943473,0.0759311466943473,-0.0740688533056527,4,"attraction",132
-0.345864526927471,0.322476620785892,0.654135473072529,-0.256470747635161,0.625147927040234,-0.476530589405938,0.0774181999576588,0.0774181999576588,-0.0725818000423412,4,"attraction",133
0.169970424845815,-0.608313300646842,-1.55730230242691,0.391686699353158,-1.88312312236733,0.343477700371295,-0.322942601299534,-0.322942601299534,-0.472942601299534,4,"attraction",134
-0.761463295668364,0.64048078795895,0.238536704331636,0.0615334195378971,0.252973536076024,-0.183666851472012,0.126434623962268,0.126434623962268,-0.0235653760377318,4,"attraction",135
0.148040888365358,0.507778055034578,-1.57923183890737,1.50777805503458,-1.85113549928858,1.42835385841317,0.375874427255864,0.375874427255864,0.225874427255864,4,"attraction",136
-0.773626212030649,0.704079439863563,0.226373787969351,0.12513207144251,0.206164091639221,-0.100009683313731,0.162254034169018,0.162254034169018,0.0122540341690182,4,"attraction",137
-0.02901527332142,-0.746158019639552,0.97098472667858,-1.3251053880606,1.0386969264131,-1.60114929317007,-0.483205679322903,-0.483205679322903,-0.633205679322904,4,"attraction",138
0.32704318035394,-0.533824927639216,1.32704318035394,-1.11277229606027,1.41779409367591,-1.40215440377299,-0.218173288041726,-0.218173288041726,-0.368173288041726,4,"attraction",139
0.170016834512353,0.905766918789595,1.17001683451235,0.326819550368543,1.25238655642606,0.0422897113658683,0.63599188788794,0.63599188788794,0.48599188788794,4,"attraction",140
-0.864890847820789,0.881691000889987,-2.59216357509352,1.88169100088999,-2.88631688330153,1.81514817932621,0.241277656362702,0.241277656362702,0.0912776563627022,4,"attraction",141
-0.663364805281162,-0.402984179090708,0.336635194718838,-0.981931547511761,0.244340709410608,-1.16534000338594,-0.498457075360542,-0.498457075360542,-0.648457075360541,4,"attraction",142
0.22563832718879,-0.507190835196525,-1.50163440008394,0.492809164803475,-1.7459532008083,0.397414786275476,-0.238486808988576,-0.238486808988576,-0.388486808988576,4,"attraction",143
0.625785367097706,0.437836770433933,-1.10148736017502,1.43783677043393,-1.52079568982378,1.44375211917795,0.506751255877316,0.506751255877316,0.356751255877316,4,"attraction",144
0.343244257383049,-0.150949359405786,-1.38402846988968,0.849050640594214,-1.81442198061215,0.861383725749329,0.0302549667501201,0.0302549667501202,-0.11974503324988,4,"attraction",145
0.866136322263628,-0.0769342239946127,-0.861136405009099,0.923065776005387,-1.31478524248285,0.948862471384928,0.268858309633409,0.268858309633409,0.118858309633409,4,"attraction",146
0.368188522290438,0.889639360364527,1.36818852229044,0.310691991943474,1.27494635027833,0.127832196792587,0.698440719737361,0.698440719737361,0.548440719737361,4,"attraction",147
0.609333763364702,-0.57331682741642,-1.11793896390802,0.42668317258358,-1.49061656468971,0.405601783562452,-0.139678277463342,-0.139678277463342,-0.289678277463342,4,"attraction",148
-0.95614636875689,0.296405144035816,0.0438536312431097,-0.282542224385236,0.0588507454376668,-0.528066869445243,-0.162863743988176,-0.162863743988176,-0.312863743988176,4,"attraction",149
0.185726786032319,0.445471704471856,1.18572678603232,-0.133475663949196,1.23617396373302,-0.399524029986443,0.350231901044026,0.350231901044026,0.200231901044026,4,"attraction",150
0.458304731640965,0.712352162227035,-1.26896799563176,1.71235216222703,-1.75139881367795,1.75481210951693,0.619201437678809,0.619201437678809,0.469201437678809,4,"attraction",151
0.952957446686924,0.658554471563548,1.95295744668692,0.079607103142495,2.04241373604164,-0.209025485431286,0.766502229108786,0.766502229108786,0.616502229108785,4,"attraction",152
0.148256438784301,-0.934516080189496,-1.57901628848843,0.0654839198105037,-1.96867967765694,0.0542364082764835,-0.537499489899104,-0.537499489899104,-0.687499489899104,4,"attraction",153
-0.54481735220179,-0.635512202512473,-2.27209007947452,0.364487797487527,-2.79618735014546,0.431070427875966,-0.602257424065222,-0.602257424065222,-0.752257424065222,4,"attraction",154
-0.620614134706557,-0.320735201239586,0.379385865293443,-0.899682569660639,0.371576551953331,-1.13200349351636,-0.430690810177475,-0.430690810177475,-0.580690810177475,4,"attraction",155
0.691960909869522,0.712208305485547,-1.03531181740321,1.71220830548555,-1.42767832323232,1.70252575622872,0.704784260426337,0.704784260426337,0.554784260426337,4,"attraction",156
0.351932999677956,0.499095099978149,1.35193299967796,-0.0798522684429038,1.44377776561305,-0.369867659247432,0.445135663201412,0.445135663201412,0.295135663201411,4,"attraction",157
0.960707884281874,0.131933075841516,1.96070788428187,-0.447014292579536,2.04390799519606,-0.732024883108802,0.435817172269647,0.435817172269647,0.285817172269647,4,"attraction",158
0.92685534292832,0.200286891777068,1.92685534292832,-0.378660476643984,1.86606691055931,-0.580309278956664,0.466695323865861,0.466695323865861,0.316695323865861,4,"attraction",159
-0.18471046583727,-0.97406932618469,-1.91198319311,0.02593067381531,-2.490110172162,0.123793661687523,-0.684637744057303,-0.684637744057303,-0.834637744057303,4,"attraction",160
0.48410333879292,0.608633427880704,-0.682326332200319,0.635740834288299,0.0334792854264379,0.790089699905366,0.551903053962936,0.0352880139990399,0.445411622198298,5,"random",161
0.924438941292465,0.530838390812278,0.27154590934515,0.906842393800616,-0.225962294265628,-0.501891497522593,0.710145308253252,0.617429550882015,-0.376190416038864,5,"random",162
-0.945717662572861,-0.297303091734648,-0.576665181200951,-0.371701979544014,-0.435126561671495,-0.411671271082014,-0.592691951783167,-0.465074104743285,-0.422356459017222,5,"random",163
0.506154735106975,-0.158220665063709,0.371228957548738,0.900427798274904,0.011140825226903,-0.620885496027768,0.144439239458491,0.65934832638854,-0.332962394122862,5,"random",164
0.143038764595985,0.346786997746676,-0.226747607346624,0.933415387291461,0.0241141677834094,-0.926233953796327,0.25396835820025,0.404896689734111,-0.493297587298892,5,"random",165
0.214127391111106,0.633207289502025,0.3466826248914,-0.686957675497979,0.932394538074732,0.848003651946783,0.442293113568384,-0.216077094209484,0.886448388960626,5,"random",166
-0.733872044831514,0.577261249069124,0.859735672362149,0.290237793698907,0.498105879873037,-0.082661151420325,-0.0200328070411666,0.54967571620105,0.181910496168873,5,"random",167
-0.877733176574111,-0.933177886530757,-0.218256148509681,-0.623628017026931,-0.470875469502062,-0.598733318503946,-0.90791974088384,-0.438958610257962,-0.540486965069754,5,"random",168
-0.649180269334465,0.792488590348512,-0.87592362286523,-0.177735822740942,-0.378765882458538,-0.138578710146248,0.135728332048489,-0.495799153908673,-0.247997310866291,5,"random",169
-0.336698865983635,-0.523534235078841,-0.253717216197401,-0.0186055274680257,-0.960707786027342,-0.940976225305349,-0.438420344713247,-0.125711963444741,-0.949965047412034,5,"random",170
0.649096909444779,0.54454473266378,1.64909690944478,-0.292189961213771,1.70245010987855,-0.612342639127747,0.592174057641791,0.592174057641791,0.442174057641791,5,"attraction",171
0.835573153570294,0.559139241464436,1.83557315357029,-0.277595452413115,1.81969100884162,-0.539816514987081,0.685070245868216,0.685070245868216,0.535070245868216,5,"attraction",172
0.595398629084229,0.857990832999349,1.59539862908423,0.0212561391217974,1.51806129459292,-0.189543234058941,0.738365495660239,0.738365495660239,0.588365495660239,5,"attraction",173
0.542333032470196,-0.780028798151761,-0.652788918749316,0.219971201848239,-1.01231038455238,0.245285081397742,-0.177619519757314,-0.177619519757314,-0.327619519757314,5,"attraction",174
0.733237224631011,0.340659637469798,1.73323722463101,-0.496075056407753,1.80257647973485,-0.829603820882396,0.519500538287684,0.519500538287684,0.369500538287684,5,"attraction",175
-0.733555553480983,0.0292009306140244,-1.92867750470049,1.02920093061402,-2.3016176267493,1.06574266538955,-0.318277023251479,-0.318277023251479,-0.468277023251479,5,"attraction",176
0.944182270206511,0.295814089477062,1.94418227020651,-0.540920604400489,1.90271297995932,-0.781732014601822,0.591181816253811,0.591181816253811,0.441181816253811,5,"attraction",177
0.550675329286605,0.649380315560848,1.55067532928661,-0.187354378316704,1.5620639545843,-0.47239384030049,0.604414710702581,0.604414710702581,0.454414710702581,5,"attraction",178
-0.0697317365556955,0.916010700166225,-1.26485368777521,1.91601070016623,-1.6573991137977,1.96895687296055,0.466950256770684,0.466950256770684,0.316950256770684,5,"attraction",179
0.672655793838203,-0.431566673796624,1.6726557938382,-1.26830136767418,1.63476220383309,-1.51210469032296,0.0714680059036862,0.0714680059036862,-0.078531994096314,5,"attraction",180
0.191866501234472,0.634568647947162,-1.00325544998504,1.63456864794716,-1.39786807551594,1.68924451828934,0.432893225555826,0.432893225555826,0.282893225555826,5,"attraction",181
-0.786514078266919,0.719006380997598,0.213485921733081,-0.117728312879953,0.299007444223389,-0.464797341902456,0.033158171777096,0.033158171777096,-0.116841828222904,5,"attraction",182
-0.643012711312622,-0.192396458238363,-1.83813466253213,0.807603541761637,-2.28063615896489,0.902349691838026,-0.39767719574997,-0.39767719574997,-0.54767719574997,5,"attraction",183
0.0691471081227064,-0.958248932845891,1.06914710812271,-1.79498362672344,1.02552316579968,-2.03399216477968,-0.490212958626863,-0.490212958626863,-0.640212958626863,5,"attraction",184
0.855806403793395,0.299624283798039,1.85580640379339,-0.537110410079512,1.86429331535473,-0.819721907508389,0.55299613846259,0.55299613846259,0.40299613846259,5,"attraction",185
0.910883037839085,0.423251825384796,1.91088303783908,-0.413482868492755,1.87885725675151,-0.662195990439885,0.645394933280639,0.645394933280639,0.495394933280639,5,"attraction",186
-0.398024455178529,0.756502002477646,-1.59314640639804,1.75650200247765,-1.90180061395371,1.73925348226912,0.230551060656499,0.230551060656499,0.0805510606564995,5,"attraction",187
-0.836842619348317,-0.579507021699101,-2.03196457056783,0.420492978300899,-2.40201137890108,0.454613777110353,-0.696737682850411,-0.696737682850411,-0.846737682850411,5,"attraction",188
-0.14401515154168,0.129651817493141,-1.33913710276119,1.12965181749314,-1.56000164442627,1.03894663807005,0.00498130937727786,0.00498130937727781,-0.145018690622722,5,"attraction",189
0.407465008553118,0.477398227900267,1.40746500855312,-0.359336465977285,1.41839052555151,-0.643988429180024,0.445539761308788,0.445539761308788,0.295539761308788,5,"attraction",190
0.14489332260564,0.00612020259723067,-1.05022862861387,1.00612020259723,-1.36872616245911,0.997107934998348,0.0693390683788392,0.0693390683788392,-0.0806609316211607,5,"attraction",191
-0.183746346738189,0.815271539147943,0.816253653261811,-0.0214631547296079,0.76255931048654,-0.252045439346218,0.360163391133149,0.360163391133149,0.210163391133149,5,"attraction",192
0.582091292366385,0.890212608501315,-0.613030658853126,1.89021260850132,-1.00867277672741,1.94574989080429,0.749846231150958,0.749846231150958,0.599846231150958,5,"attraction",193
0.712180370930582,-0.0397964394651353,-0.48294158028893,0.960203560534865,-0.727756884921251,0.889538815431297,0.30277077415958,0.30277077415958,0.152770774159581,5,"attraction",194
-0.680255937855691,-0.384600154589862,0.319744062144309,-1.22133484846741,0.377754394803196,-1.54538431048811,-0.519287789188739,-0.519287789188739,-0.669287789188739,5,"attraction",195
0.681554666720331,-0.82162887789309,1.68155466672033,-1.65836357177064,1.64603105960414,-1.90414994132648,-0.136845263124754,-0.136845263124754,-0.286845263124754,5,"attraction",196
-0.62761850701645,-0.411177072674036,-1.82274045823596,0.588822927325964,-2.1812086375964,0.613255485566333,-0.509778170541136,-0.509778170541136,-0.659778170541136,5,"attraction",197
-0.78197326650843,0.750450953375548,-1.97709521772794,1.75045095337555,-2.35234578265241,1.78892591586337,0.0523465865395135,0.0523465865395134,-0.0976534134604865,5,"attraction",198
0.907844395842403,0.889962933026254,1.9078443958424,0.0532282391487029,1.81184338405728,-0.141954587724972,0.898108932753611,0.898108932753611,0.748108932753611,5,"attraction",199
-0.470924098044634,0.0258475570008159,-1.66604604926415,1.02584755700082,-2.05779403264907,1.07812648187391,-0.200459530297667,-0.200459530297667,-0.350459530297667,5,"attraction",200
-0.879238042514771,0.866008736658841,-0.302116751205176,-0.176404213067144,0.922292955219746,0.0621458278037608,-0.0841811764467923,-0.244847706053406,0.530448152730241,6,"random",201
-0.322976113762707,0.261509467847645,-0.756522468291223,0.794937334954739,0.0334172444418073,0.61893048370257,-0.0567104599179907,-0.0497463357013961,0.300151053438377,6,"random",202
0.787415129132569,-0.240850366186351,-0.885427798144519,-0.308535763528198,-0.200365744531155,0.212978438939899,0.31898307015395,-0.622621426819306,-0.0120645053943412,6,"random",203
0.360094220377505,-0.586117285303771,0.952018247917295,-0.944876121357083,-0.461845268961042,-0.395259452518076,-0.0709576877661877,0.0878774796923003,-0.431511730359246,6,"random",204
0.871343585662544,0.212512778583914,-0.334909093566239,0.119323721621186,-0.697467484511435,-0.08518445212394,0.571209551326724,-0.127980811091968,-0.41853854753491,6,"random",205
-0.743345733731985,-0.876818935386837,-0.174983976874501,0.093269819393754,-0.0178828481584787,0.20990058593452,-0.80415019226364,-0.052779469685629,0.0858851607061095,6,"random",206
-0.253230411559343,0.957627600990236,0.70730283530429,-0.984048995189369,0.150331314653158,-0.692477123811841,0.298382683046576,-0.0632018874761544,-0.233614751758675,6,"random",207
-0.0842808750458062,0.259856353048235,-0.45319487946108,-0.788086367305368,-0.805030017159879,0.929961090907454,0.0724927510859238,-0.605756557256811,-0.0146451790403162,6,"random",208
-0.949925461784005,0.793302950449288,0.168994169682264,0.325060818810016,0.0202129422686994,-0.505630917847157,-0.155788073988838,0.240091198729351,-0.219338149561857,6,"random",209
0.827754233498126,0.144598174840212,0.229020429775119,0.0701379044912755,0.574675382114947,0.529249832499772,0.516538695665076,0.156640612701368,0.55398152062359,6,"random",210
-0.392571774311364,-0.586827817372978,0.607428225688636,-1.78194976859249,0.595887972926721,-2.09742605187703,-0.481066193928321,-0.481066193928321,-0.631066193928321,6,"attraction",211
0.303637699224055,0.26598314056173,1.30363769922405,-0.929138810657783,1.34792007659562,-1.31132994458965,0.28648395583344,0.28648395583344,0.13648395583344,6,"attraction",212
-0.225406672805548,-0.0229354714974761,-1.0621413666831,0.977064528502524,-1.30585016159303,0.939057966321707,-0.133169792209648,-0.133169792209648,-0.283169792209648,6,"attraction",213
0.644617622252554,-0.741214392706752,1.64461762225255,-1.93633634392626,1.63887591413222,-2.25874259519709,0.0132941487710924,0.0132941487710924,-0.136705851228908,6,"attraction",214
-0.709029661957175,-0.179629843682051,0.290970338042825,-1.37475179490156,0.207395550003275,-1.60413802382991,-0.46785863363184,-0.46785863363184,-0.61785863363184,6,"attraction",215
0.636687422636896,-0.600801298860461,1.6366874226369,-1.79592325007997,1.66201876364648,-2.15546558445728,0.0729425606214338,0.0729425606214338,-0.0770574393785662,6,"attraction",216
0.267414598725736,0.244376876857132,-0.569320095151815,1.24437687685713,-0.909919184436831,1.3221660323441,0.25691963654115,0.25691963654115,0.10691963654115,6,"attraction",217
0.818704058416188,0.489936507772654,-0.0180306354613631,1.48993650777265,-0.33673351813982,1.54155702609569,0.668932174234134,0.668932174234134,0.518932174234134,6,"attraction",218
-0.929959421511739,0.773288542870432,-1.76669411538929,1.77328854287043,-2.01538723378955,1.74123885510489,-0.15403534884875,-0.15403534884875,-0.30403534884875,6,"attraction",219
-0.924827117938548,0.511326153296977,0.0751728820614517,-0.683795797922535,0.150015142327175,-1.10250971872791,-0.27057951659792,-0.27057951659792,-0.42057951659792,6,"attraction",220
-0.506870757322758,-0.489711984060705,-1.34360545120031,0.510288015939295,-1.53681968116886,0.411934290779755,-0.499053982836712,-0.499053982836712,-0.649053982836712,6,"attraction",221
-0.177847940474749,0.389097720384598,0.822152059525251,-0.806024230834915,0.785965245310217,-1.09204486750475,0.0804273050278425,0.0804273050278425,-0.0695726949721575,6,"attraction",222
0.615116884931922,-0.0866251797415316,-0.221617808945629,0.913374820258468,-0.470211794589437,0.881206656759605,0.295434388802904,0.295434388802904,0.145434388802904,6,"attraction",223
0.951899181120098,-0.177095876075327,1.9518991811201,-1.37221782729484,1.98736571623012,-1.74387295462146,0.43757921061996,0.43757921061996,0.28757921061996,6,"attraction",224
-0.742890134919435,-0.90022692643106,0.257109865080565,-2.09534887765057,0.164550363691524,-2.31399727842952,-0.814565784385842,-0.814565784385842,-0.964565784385842,6,"attraction",225
-0.305852913763374,0.556304610799998,0.694147086236626,-0.638817340419514,0.638482601149008,-0.901559785070898,0.0869077363154954,0.0869077363154954,-0.0630922636845046,6,"attraction",226
-0.296090264339,-0.943279382307082,0.703909735661,-2.1384013335266,0.732746779639274,-2.50213341047624,-0.59092086252446,-0.59092086252446,-0.74092086252446,6,"attraction",227
-0.467871460597962,-0.317411830183119,-1.30460615447551,0.682588169816881,-1.50796866985418,0.596362883318216,-0.399328740075645,-0.399328740075644,-0.549328740075644,6,"attraction",228
0.894634583033621,0.533037644810975,0.0578998891560705,1.53303764481097,-0.294410918471498,1.62482373197563,0.729907088954416,0.729907088954416,0.579907088954416,6,"attraction",229
0.983626066707075,-0.419890242163092,1.98362606670707,-1.6150121933826,2.04000981869176,-2.01166594575455,0.344246414888443,0.344246414888443,0.194246414888443,6,"attraction",230
-0.246415519621223,0.913004132919014,-1.08315021349877,1.91300413291901,-1.35959796402698,1.91412461525761,0.281764544313773,0.281764544313773,0.131764544313773,6,"attraction",231
-0.734899841248989,0.543257086537778,-1.57163453512654,1.54325708653778,-1.90049032261025,1.60701156426221,-0.152628351923906,-0.152628351923906,-0.302628351923906,6,"attraction",232
-0.913359135854989,-0.0918012517504394,-1.75009382973254,0.908198748249561,-1.95797238836388,0.827370684174821,-0.539093877540694,-0.539093877540694,-0.689093877540694,6,"attraction",233
0.86825046222657,0.727225418202579,0.0315157683490187,1.72722541820258,-0.327523248779531,1.82705253623426,0.804005719948974,0.804005719948974,0.654005719948974,6,"attraction",234
0.0905803274363279,0.664256454911083,-0.746154366441223,1.66425645491108,-1.10005133425228,1.75793819692917,0.35192167439705,0.35192167439705,0.20192167439705,6,"attraction",235
-0.685946923680604,-0.89933734992519,0.314053076319396,-2.0944593011447,0.380526750907302,-2.50317174150586,-0.783158117858693,-0.783158117858693,-0.933158117858693,6,"attraction",236
-0.232801297679543,0.445845013018698,-1.06953599155709,1.4458450130187,-1.27110380235755,1.35747483568266,0.0763597994163218,0.0763597994163218,-0.0736402005836782,6,"attraction",237
-0.235860072541982,-0.510767390020192,-1.07259476641953,0.489232609979808,-1.33420607982374,0.472621740633622,-0.361095628282055,-0.361095628282055,-0.511095628282055,6,"attraction",238
-0.743939659558237,-0.269517839420587,-1.58067435343579,0.730482160579413,-1.87228890621502,0.749728821218014,-0.527814163717752,-0.527814163717752,-0.677814163717752,6,"attraction",239
0.0782291628420353,-0.453495154622942,1.07822916284204,-1.64861710584245,1.16542694834061,-2.08209738607246,-0.164000804003121,-0.164000804003121,-0.314000804003121,6,"attraction",240
0.0711965574882925,0.741341482847929,0.539178399369121,0.398609976749867,-0.876532121561468,0.529698463622481,0.316916363453493,0.487636644408728,-0.360914240327353,7,"random",241
-0.509574535768479,-0.764587616082281,0.610097091179341,0.965741294901818,-0.293469450436532,-0.827028542757034,-0.60307933188354,0.740499965877583,-0.489107784287383,7,"random",242
-0.988757942803204,-0.120678754989058,-0.60900218365714,-0.883941855281591,0.58551496360451,-0.375045838300139,-0.670462240604684,-0.709813396586105,0.233309336239472,7,"random",243
-0.330321236047894,0.970833269879222,-0.314255530480295,0.388559205923229,-0.115896426141262,-0.272203105501831,0.146768749458715,-0.0565567937990029,-0.173208875240137,7,"random",244
0.52814638055861,0.551408907864243,-0.376637731213123,-0.479147330857813,0.3658960130997,0.449310649186373,0.536675973904009,-0.414224584416176,0.396481379664813,7,"random",245
0.433459347113967,-0.124962135683745,-0.691730358637869,-0.784548758529127,-0.0493354303762317,0.860859088599682,0.228704803421472,-0.72576377193133,0.284402559914937,7,"random",246
-0.409633572213352,-0.0930330278351903,0.323288484010845,-0.168883083388209,-0.868516256101429,-0.792156178504229,-0.293546705941359,0.142825575964525,-0.840517560982456,7,"random",247
0.87623716937378,0.878344427794218,0.821703318506479,-0.710877673700452,-0.600690889172256,0.323846582788974,0.877009830794608,0.259756954697271,-0.261693816119805,7,"random",248
-0.497062031645328,0.672560582868755,-0.636379259638488,0.895880002528429,-0.108606110792607,0.725458585657179,-0.0682004063234974,-0.0745508635106186,0.197217611238981,7,"random",249
-0.383655596990138,0.762549332808703,0.0896828011609614,0.274440434761345,-0.939237197395414,-0.181401463225484,0.0366195439361036,0.157427266814436,-0.66136409486644,7,"random",250
-0.71980047877878,0.0124167064204812,0.28019952122122,-1.71485602085225,0.293219158379361,-2.1464353941254,-0.451320844205717,-0.451320844205717,-0.601320844205717,7,"attraction",251
0.418376867193729,0.217431273311377,-0.160570501227324,1.21743127331138,-0.357045399794649,1.14770609810948,0.344696816103533,0.344696816103533,0.194696816103533,7,"attraction",252
0.586624967399985,-0.182353730779141,1.58662496739998,-1.90962645805187,1.54979735477828,-2.25510603625073,0.304666111400972,0.304666111400972,0.154666111400972,7,"attraction",253
0.297860008198768,0.299724936950952,-0.281087360222285,1.29972493695095,-0.518196080475556,1.30018545375206,0.298543815407902,0.298543815407902,0.148543815407902,7,"attraction",254
-0.274345193989575,-0.333977112546563,0.725654806010425,-2.06124983981929,0.633898400096223,-2.31185241142203,-0.296210230793804,-0.296210230793804,-0.446210230793804,7,"attraction",255
0.0371300186961889,-0.0291419797576964,1.03713001869619,-1.75641470703042,0.963338183704764,-2.03804699204523,0.0128302859297643,0.0128302859297643,-0.137169714070236,7,"attraction",256
-0.565526829566807,0.655146079603583,-1.14447419798786,1.65514607960358,-1.41632071614118,1.71560824732296,-0.117946762870997,-0.117946762870997,-0.267946762870997,7,"attraction",257
0.922232810873538,-0.516490873415023,1.92223281087354,-2.24376360068775,1.98245754293166,-2.75687904696996,0.394700793301066,0.394700793301066,0.244700793301066,7,"attraction",258
-0.414133980404586,-0.519574302714318,-0.993081348825638,0.480425697285682,-1.24158832637691,0.500574113056064,-0.452795431918154,-0.452795431918154,-0.602795431918154,7,"attraction",259
0.235344200860709,-0.925119718536735,-0.343603167560344,0.0748802814632654,-0.595006916914626,0.100032212166116,-0.190159236251687,-0.190159236251687,-0.340159236251687,7,"attraction",260
-0.0313627026043832,-0.115376259200275,0.968637297395617,-1.842648986473,0.8938626405783,-2.12258367015218,-0.0621676733562102,-0.0621676733562102,-0.21216767335621,7,"attraction",261
0.424864969216287,-0.00132398027926683,1.42486496921629,-1.72859670755199,1.38016049750149,-2.0604708018628,0.268595687734584,0.268595687734584,0.118595687734584,7,"attraction",262
-0.762204700615257,-0.38014660961926,0.237795299384743,-2.10741933689199,0.261958663864061,-2.55824696644717,-0.622116733916725,-0.622116733916725,-0.772116733916725,7,"attraction",263
-0.115357818081975,0.563508936204016,-0.694305186503028,1.56350893620402,-0.912245564027935,1.5308604973834,0.133559991822888,0.133559991822888,-0.0164400081771116,7,"attraction",264
-0.760675640776753,-0.917030831798911,0.239324359223247,-2.64430355907164,0.202905975375325,-2.99048998697068,-0.818005877484878,-0.818005877484878,-0.968005877484878,7,"attraction",265
0.650529165286571,-0.923832828644663,1.65052916528657,-2.65110555591739,1.71439049416222,-3.1705023967026,0.0732631008451183,0.0732631008451183,-0.0767368991548816,7,"attraction",266
-0.547100586816669,-0.307062823325396,-1.12604795523772,0.692937176674604,-1.32153566745355,0.621506861411035,-0.459086740203202,-0.459086740203202,-0.609086740203202,7,"attraction",267
-0.836628127843142,0.727025244850665,-1.41557549626419,1.72702524485067,-1.65713956756272,1.73518136800267,-0.263288557855412,-0.263288557855412,-0.413288557855412,7,"attraction",268
0.767230072524399,-0.209363128524274,0.188282704103346,0.790636871475726,-0.00508473201311743,0.715544261131436,0.409145898806552,0.409145898806552,0.259145898806552,7,"attraction",269
0.852403548080474,-0.860674199648201,1.85240354808047,-2.58794692692093,1.92728628721088,-3.12638074905527,0.22427504057996,0.22427504057996,0.0742750405799597,7,"attraction",270
0.248788435943425,-0.032745576929301,-0.330158932477628,0.967254423070699,-0.569739228815429,0.971984025835991,0.145559297890092,0.145559297890092,-0.00444070210990816,7,"attraction",271
0.721471800468862,-0.406177948694676,1.72147180046886,-2.1334506759674,1.67953730137087,-2.47010926843451,0.308000225775565,0.308000225775565,0.158000225775565,7,"attraction",272
-0.383549952879548,0.721700738184154,-0.962497321300601,1.72170073818415,-1.19091248563246,1.70714511293918,0.0217086338438094,0.0217086338438094,-0.128291366156191,7,"attraction",273
-0.186515882145613,0.198615203145891,-0.765463250566666,1.19861520314589,-1.01073231042951,1.21317085199989,-0.0453011508720616,-0.0453011508720617,-0.195301150872062,7,"attraction",274
0.669395517557859,0.316017178352922,1.66939551755786,-1.41125554891981,1.67810135744512,-1.83538381781598,0.539823459849382,0.539823459849382,0.389823459849382,7,"attraction",275
-0.905139790847898,0.0435688141733408,0.0948602091521025,-1.68370391309939,0.155405825935304,-2.19737361481583,-0.557279969006777,-0.557279969006777,-0.707279969006777,7,"attraction",276
0.941762770526111,-0.0464670262299478,0.362815402105058,0.953532973770052,0.18313496888027,0.854799176612869,0.57941184504889,0.57941184504889,0.42941184504889,7,"attraction",277
0.849711302202195,0.0744088743813336,0.270763933781142,1.07440887438133,0.0117241022446633,1.11275040158071,0.565433745334546,0.565433745334546,0.415433745334546,7,"attraction",278
0.511178096756339,-0.0941973263397813,-0.0677692716647135,0.905802673660219,-0.279760191160695,0.862877898244187,0.289207108287762,0.289207108287762,0.139207108287762,7,"attraction",279
0.655314057134092,-0.222881740890443,0.0763666887130391,0.777118259109557,-0.194461832825389,0.835822069039568,0.333308931191762,0.333308931191762,0.183308931191762,7,"attraction",280
-0.724169957451522,0.0122968857176602,-0.315011639613658,0.708542090374976,0.401741999667138,0.517498523462564,-0.519595834348972,-0.0306911590612597,0.433896589610312,8,"random",281
0.189995306078345,-0.0529214120469987,0.631007649935782,0.840790246613324,0.374427580274642,0.425724810454994,0.122518439932416,0.689280593457321,0.388676810880295,8,"random",282
0.0891697523184121,-0.161278592888266,0.681872572284192,-0.86917761201039,0.766627684235573,0.449151764158159,0.0196007675387793,0.25102529886903,0.678439928658514,8,"random",283
-0.83830320648849,-0.799076767638326,0.627686250023544,-0.755244189873338,0.563406798057258,-0.595936437137425,-0.827406973474555,0.243538905607743,0.241367010503179,8,"random",284
0.653763592243195,-0.956707135774195,-0.636545720510185,-0.0269395024515688,0.984000670257956,-0.632509124465287,0.206410612238364,-0.467210659938347,0.534970171723722,8,"random",285
-0.990520246326923,-0.763687805272639,0.00547587126493454,-0.346147890668362,0.0940168588422239,0.423585140611976,-0.927511234922955,-0.0921973959387591,0.185563603778266,8,"random",286
-0.118996589910239,0.0741617195308208,0.5454634106718,0.448901209048927,0.0987122803926468,-0.506085849832743,-0.065341503954389,0.518640576887669,-0.0692872002255172,8,"random",287
-0.563463256228715,0.283176763448864,0.841470140498132,0.875007866416126,-0.231174699030817,-0.708205234259367,-0.328285472984943,0.850786175475352,-0.363683181038747,8,"random",288
0.458587650675327,-0.0265183206647635,-0.494914874900132,0.655591279733926,-0.710802110377699,0.189094747882336,0.323835991969746,-0.175329831946227,-0.460830760861023,8,"random",289
-0.455378142185509,0.881211153231561,-0.709416045807302,0.821886923164129,0.406040131580085,-0.446758234873414,-0.0841033379029896,-0.284054109981904,0.169151696454113,8,"random",290
0.412122020497918,-0.672167698387057,0.0275066358825335,0.327832301612943,-0.155324372036669,0.26319292220287,0.110930431918758,0.110930431918758,-0.0390695680812415,8,"attraction",291
-0.322900244034827,-0.913759656716138,0.677099755965173,-3.51375965671614,0.74572998424992,-4.23219825025648,-0.487027858668524,-0.487027858668524,-0.637027858668524,8,"attraction",292
-0.037162515334785,-0.239574966486543,-0.42177789995017,0.760425033513457,-0.641625530824352,0.79202887378633,-0.0933881962102734,-0.0933881962102735,-0.243388196210274,8,"attraction",293
0.596249684691429,-0.203235495369881,1.59624968469143,-2.80323549536988,1.52410243446939,-3.15565264479257,0.374170468007732,0.374170468007732,0.224170468007732,8,"attraction",294
-0.440373586956412,-0.492808931972831,-0.824988971571796,0.507191068027169,-1.0543890572368,0.563631290756166,-0.454938960572084,-0.454938960572084,-0.604938960572084,8,"attraction",295
-0.0912285009399056,-0.250615440309048,0.908771499060094,-2.85061544030905,0.863430156325921,-3.2727279492002,-0.135502650764667,-0.135502650764667,-0.285502650764667,8,"attraction",296
-0.0571900769136846,-0.220271931029856,-0.441805461529069,0.779728068970144,-0.612948658270761,0.684700380498543,-0.102490591945955,-0.102490591945955,-0.252490591945954,8,"attraction",297
-0.720358799677342,0.883078892249614,0.279641200322658,-1.71692110775039,0.291657229326665,-2.28816278316081,-0.274959440808743,-0.274959440808743,-0.424959440808743,8,"attraction",298
-0.920247942209244,0.016372840385884,-1.30486332682463,1.01637284038588,-1.51228566498567,1.0156709196046,-0.660075502599486,-0.660075502599486,-0.810075502599486,8,"attraction",299
0.140537011902779,0.936745174694806,-0.244078372712605,1.93674517469481,-0.419600780125564,1.8531034339685,0.361705946011676,0.361705946011676,0.211705946011676,8,"attraction",300
0.568815715610981,-0.925026540644467,1.56881571561098,-3.52502654064447,1.50906802304089,-3.90968253996223,0.153859533317801,0.153859533317801,0.00385953331780109,8,"attraction",301
0.133929611183703,-0.978137569501996,-0.250685773431682,0.021862430498004,-0.426478232726311,-0.0610771753359586,-0.174977939006769,-0.174977939006769,-0.324977939006769,8,"attraction",302
-0.100172519683838,0.518545081838965,-0.484787904299223,1.51854508183897,-0.720795697786917,1.59216534490697,0.071693480739163,0.071693480739163,-0.078306519260837,8,"attraction",303
0.518362839240581,-0.800335077103227,0.133747454625196,0.199664922896773,-0.0524902583422283,0.143882976612076,0.152057862478412,0.152057862478412,0.00205786247841183,8,"attraction",304
0.607559124007821,-0.665269827470183,1.60755912400782,-3.26526982747018,1.70452206726186,-4.05737347993068,0.253995526375042,0.253995526375042,0.103995526375042,8,"attraction",305
-0.113358674570918,0.169510344043374,0.886641325429082,-2.43048965595663,0.963941803574562,-3.17147089913487,-0.0347839471780591,-0.0347839471780591,-0.184783947178059,8,"attraction",306
0.485549298580736,0.683919560629874,1.48554929858074,-1.91608043937013,1.46687023756094,-2.40751488071866,0.540652149149941,0.540652149149941,0.390652149149941,8,"attraction",307
0.812432934064418,0.783554771449417,1.81243293406442,-1.81644522855058,1.7140938627068,-2.10076364302076,0.804411222226918,0.804411222226918,0.654411222226918,8,"attraction",308
-0.0905613312497735,0.13637458672747,0.909438668750226,-2.46362541327253,0.989317731047049,-3.21131097524427,-0.0275235762560947,-0.0275235762560947,-0.177523576256095,8,"attraction",309
0.533754638396204,-0.77387805422768,0.149139253780819,0.22612194577232,-0.0790270525603914,0.279354342259467,0.170523334889569,0.170523334889569,0.0205233348895692,8,"attraction",310
0.888393401633948,-0.10803336231038,0.503778017018564,0.89196663768962,0.292871312288424,0.900324069987983,0.61160818942719,0.61160818942719,0.46160818942719,8,"attraction",311
0.386107080616057,0.59454873111099,0.00149169600067229,1.59454873111099,-0.227245733933523,1.6492660489399,0.444007539086872,0.444007539086872,0.294007539086872,8,"attraction",312
-0.592791163828224,0.26649333210662,-0.977406548443609,1.26649333210662,-1.20517639542142,1.31869493424892,-0.354101026068545,-0.354101026068545,-0.504101026068545,8,"attraction",313
0.657844759058207,-0.762858180329204,1.65784475905821,-3.3628581803292,1.61411338010803,-3.78915659505874,0.263205053672815,0.263205053672816,0.113205053672815,8,"attraction",314
-0.783021493349224,-0.965006580576301,0.216978506650776,-3.5650065805763,0.199661428947002,-4.05998217854649,-0.833572906467857,-0.833572906467857,-0.983572906467857,8,"attraction",315
0.0326316608116031,0.869392552413046,1.0326316608116,-1.73060744758695,0.98473414266482,-2.14607390040532,0.265065241812004,0.265065241812004,0.115065241812004,8,"attraction",316
-0.66370393987745,0.639744733460248,0.33629606012255,-1.96025526653975,0.386317465035245,-2.63031091931276,-0.301634863950312,-0.301634863950312,-0.451634863950312,8,"attraction",317
-0.640373928006738,0.234583868645132,-1.02498931262212,1.23458386864513,-1.24132023472697,1.25704426611774,-0.397330095603441,-0.397330095603441,-0.547330095603441,8,"attraction",318
0.279432901181281,-0.816201379988343,1.27943290118128,-3.41620137998834,1.35290833171457,-4.1472374993749,-0.0249099546991703,-0.0249099546991701,-0.17490995469917,8,"attraction",319
-0.00901838671416044,-0.841254653874785,0.99098161328584,-3.44125465387478,0.895311713917181,-3.73251291551627,-0.240195127592112,-0.240195127592111,-0.390195127592112,8,"attraction",320
-0.38206634297967,0.463362147565931,0.991277845576406,-0.089826725423336,0.390414744149894,0.889313515741378,-0.222374294765501,0.787069204387565,0.484651178783841,9,"random",321
-0.0723828179761767,0.413485412485898,0.672304231207818,-0.902451603673398,-0.192620986141264,0.0813226024620235,0.0193922922222151,0.37485035128581,-0.140876086071755,9,"random",322
0.465932503342628,-0.708229802548885,-0.269601291976869,-0.960025943815708,-0.981488489545882,0.5920020933263,0.244146290007565,-0.400014837324205,-0.684273601670025,9,"random",323
0.363349875900894,-0.947807671502233,-0.390985151287168,0.896680996287614,-0.433762978762388,-0.28259403211996,0.115686783613637,-0.147759323411932,-0.405208844396596,9,"random",324
0.00302972225472331,-0.469387202523649,0.820582572370768,-0.638848464936018,0.23235865868628,-0.904179489705712,-0.0862045857589692,0.54491226532393,0.0176792306566818,9,"random",325
0.600092770997435,0.323183487169445,0.470693036913872,-0.912984607275575,0.0809245444834232,0.251164239365608,0.547787684052148,0.209331704122532,0.113080931294502,9,"random",326
0.497856474481523,-0.700928520411253,-0.110009625088423,0.398583526723087,-0.788449122570455,0.543812928255647,0.271419308779554,-0.0139420297462493,-0.53679962408108,9,"random",327
0.271885864902288,0.184606167022139,-0.977262318134308,-0.960006677079946,-0.675969515927136,-0.863362933043391,0.255399699747148,-0.974002919268484,-0.711366050271317,9,"random",328
-0.0474790716543794,0.96643930580467,-0.127717172261328,0.896093355491757,-0.32577862078324,-0.0153534696437418,0.144038844087885,0.0656692607586996,-0.267142758901334,9,"random",329
0.677136718761176,0.652094224467874,-0.715206809807569,-0.769094930496067,-0.991041761822999,0.482482236344367,0.672406469839108,-0.725385677048729,-0.712709451058052,9,"random",330
-0.573710995260626,0.0359764462336898,0.426289004739374,-4.25814120082513,0.364630532544106,-4.78749011433957,-0.458547811867255,-0.458547811867255,-0.608547811867255,9,"attraction",331
0.0531663554720581,-0.30436856392771,-0.179710356856709,0.69563143607229,-0.375890716644361,0.743935333983973,-0.0143680181923426,-0.0143680181923426,-0.164368018192343,9,"attraction",332
-0.430718746036291,-0.659260159824044,-0.663595458365058,0.340739840175956,-0.83805036643992,0.295752092497423,-0.473887679751755,-0.473887679751755,-0.623887679751755,9,"attraction",333
0.69549142755568,0.0150121790356934,1.69549142755568,-4.27910546802313,1.78619914464653,-5.46273272376617,0.566956458390794,0.566956458390794,0.416956458390794,9,"attraction",334
0.0452110376209021,0.45027478504926,-0.187665674707865,1.45027478504926,-0.353980996712966,1.37033469718881,0.121723078801814,0.121723078801814,-0.0282769211981859,9,"attraction",335
-0.100075606722385,-0.107097989879549,0.899924393277615,-4.40121563693837,0.945946703432128,-5.3929584981901,-0.101402056874293,-0.101402056874293,-0.251402056874293,9,"attraction",336
-0.785498414188623,0.841206348501146,-1.01837512651739,1.84120634850115,-1.1912064518569,1.78924674554728,-0.478231959013889,-0.478231959013889,-0.628231959013889,9,"attraction",337
0.76852170471102,0.77748777391389,1.76852170471102,-3.51662987314493,1.86362814591266,-4.71914576771669,0.770215295560451,0.770215295560451,0.620215295560451,9,"attraction",338
-0.807640201412141,0.860990020912141,-1.04051691374091,1.86099002091214,-1.21689430613147,1.82425764705986,-0.492454492750888,-0.492454492750888,-0.642454492750888,9,"attraction",339
0.112107969820499,0.641249426174909,-0.120768742508268,1.64124942617491,-0.312028190816995,1.66842235126533,0.212056911576332,0.212056911576332,0.0620569115763323,9,"attraction",340
-0.0397570752538741,-0.718520917464048,-0.272633787582641,0.281479082535952,-0.445375994516996,0.229136794665828,-0.167968023226907,-0.167968023226907,-0.317968023226907,9,"attraction",341
0.625031332951039,0.978324342984706,1.62503133295104,-3.31579330407412,1.67091771033593,-4.30695245402098,0.69176445706851,0.69176445706851,0.54176445706851,9,"attraction",342
0.0207573631778359,0.85812817607075,-0.212119349150931,1.85812817607075,-0.400705669170934,1.8738223738037,0.178927405613164,0.178927405613164,0.0289274056131641,9,"attraction",343
-0.576226001605392,0.644249716773629,-0.809102713934159,1.64424971677363,-0.993645845900915,1.64258198933676,-0.34569169924491,-0.34569169924491,-0.49569169924491,9,"attraction",344
0.419784295838326,0.21718024276197,0.186907583509559,1.21718024276197,0.0201240056143333,1.13925090078264,0.381514641368348,0.381514641368348,0.231514641368348,9,"attraction",345
0.0931460931897163,-0.823660504538566,-0.139730619139051,0.176339495461434,-0.307385400003333,0.102151201525703,-0.0800284863811814,-0.0800284863811814,-0.230028486381181,9,"attraction",346
0.766085233539343,0.892525006085634,1.76608523353934,-3.40159264097319,1.7175029377453,-3.98709219432819,0.789968301686976,0.789968301686976,0.639968301686976,9,"attraction",347
-0.583148117177188,-0.623236904386431,-0.816024829505955,0.376763095613569,-0.98690412232193,0.316421235352755,-0.590720443650045,-0.590720443650045,-0.740720443650045,9,"attraction",348
0.390896703582257,-0.353148846421391,0.15801999125349,0.646851153578609,-0.0213532058554,0.622983117634431,0.250354766359346,0.250354766359346,0.100354766359346,9,"attraction",349
-0.437622216530144,0.523676532320678,0.562377783469856,-3.77044111473815,0.476982610533014,-4.19786184271524,-0.256043563969433,-0.256043563969433,-0.406043563969433,9,"attraction",350
0.838375234045088,0.552498694509268,1.83837523404509,-3.74161895254956,1.88646993106231,-4.74226088679998,0.784376332132767,0.784376332132767,0.634376332132767,9,"attraction",351
0.26892647985369,-0.137120601721108,0.0360497675249225,0.862879398278892,-0.141083926663492,0.829394673323259,0.19222869777845,0.19222869777845,0.0422286977784501,9,"attraction",352
-0.958362295292318,-0.221732368692756,0.0416377047076821,-4.51585001575158,0.00219473862089226,-5.14059492608478,-0.819221086934623,-0.819221086934623,-0.969221086934623,9,"attraction",353
0.230610167607665,-0.831688662525266,-0.00226654472110204,0.168311337474734,-0.173987341857171,0.111582995764911,0.0299537219158891,0.0299537219158891,-0.120046278084111,9,"attraction",354
-0.748227765783668,-0.910815477371216,0.251772234216332,-5.20493312443004,0.331542937178165,-6.34159555479556,-0.778938777972427,-0.778938777972427,-0.928938777972427,9,"attraction",355
-0.898067585658282,0.946925506461412,0.101932414341718,-3.34719214059741,0.0335416732355953,-3.847631899377,-0.549568890480118,-0.549568890480117,-0.699568890480118,9,"attraction",356
-0.688947479706258,-0.147042599972337,0.311052520293742,-4.44116024703116,0.249449638696387,-4.97074787311311,-0.58658766908985,-0.58658766908985,-0.736587669089851,9,"attraction",357
0.601420405786484,0.925731584429741,1.60142040578648,-3.36838606262908,1.51102338186465,-3.77432825402357,0.662679183974655,0.662679183974655,0.512679183974655,9,"attraction",358
-0.158496060408652,-0.430703246966004,0.841503939591348,-4.72482089402483,0.810538812773302,-5.38597064357087,-0.209912973425041,-0.209912973425041,-0.359912973425041,9,"attraction",359
0.814752608072013,0.938376270700246,1.81475260807201,-3.35574137635858,1.87458975007758,-4.40680675085305,0.838103744346235,0.838103744346235,0.688103744346235,9,"attraction",360
-0.675157241523266,-0.453375265002251,0.527709196787328,0.646386990789324,0.102917152456939,-0.710265562403947,-0.652979043871164,0.539576976187527,0.0215988809708506,10,"random",361
0.517097127158195,-0.826460650190711,0.401596546173096,0.657861045561731,-0.0163659318350255,0.0952226468361914,0.382741349423304,0.427222996111959,-0.00520707396790386,10,"random",362
0.338795705698431,-0.92983183497563,-0.773923870641738,0.375607130583376,-0.839806160889566,-0.368468844331801,0.211932951631025,-0.658970770519227,-0.792672429233789,10,"random",363
0.528936143498868,-0.300091993063688,0.0685617960989475,0.786523395217955,-0.10471279034391,-0.343891076277941,0.446033329842612,0.140357956010848,-0.128630618937314,10,"random",364
-0.906271986663342,-0.221345290075988,-0.430981768295169,-0.459484088234603,0.152418492361903,0.258973167277873,-0.837779317004606,-0.433832000289112,0.1630739598535,10,"random",365
-0.373261774890125,0.377435636240989,0.0647839144803584,0.519988916814327,0.299686448648572,-0.00623123673722148,-0.298192033777013,0.110304414713755,0.269094680109993,10,"random",366
-0.109365959186107,-0.358845446258783,0.331052617169917,-0.984603490680456,-0.192044532392174,0.693491983227432,-0.134313907893375,0.199487006384879,-0.103490880830213,10,"random",367
-0.249782695900649,0.683565597981215,-0.200586642604321,0.469032804016024,0.477103832177818,-0.347143940161914,-0.156447866512463,-0.133624697942287,0.394679054943845,10,"random",368
0.588390972930938,0.621955482289195,0.980481594335288,0.734781524632126,-0.674543904606253,0.182216905988753,0.591747423866764,0.955911587364972,-0.588867823546752,10,"random",369
-0.52071774750948,-0.0356354624964297,0.48052125563845,-0.944962943904102,0.898508460726589,0.871565071865916,-0.472209519008175,0.337972835684195,0.895814121840522,10,"random",370
0.200789411086589,-0.360004873480648,1.20078941108659,-9.36000487348065,1.23151435395703,-11.1365293593146,0.144709982629865,0.144709982629865,-0.00529001737013446,10,"attraction",371
0.684836411383003,0.91019027447328,0.573725300271892,1.91019027447328,0.408068373297445,1.9011026172433,0.707371797692031,0.707371797692031,0.557371797692031,10,"attraction",372
-0.635202081408352,0.169864342082292,0.364797918591648,-8.83013565791771,0.344697453966364,-10.1492314762902,-0.554695439059287,-0.554695439059287,-0.704695439059287,10,"attraction",373
-0.692969974130392,-0.00637249741703272,0.307030025869608,-9.00637249741704,0.355620325356722,-10.9436851928011,-0.624310226459056,-0.624310226459056,-0.774310226459056,10,"attraction",374
-0.188797143753618,-0.0403638384304941,-0.299908254864729,0.959636161569506,-0.465467268264749,0.949667282169685,-0.173953813221306,-0.173953813221306,-0.323953813221306,10,"attraction",375
-0.253992672078311,-0.881138733122498,0.746007327921689,-9.8811387331225,0.819113559415564,-12.0390948165674,-0.31670727818273,-0.31670727818273,-0.46670727818273,10,"attraction",376
-0.787037821486592,-0.324496697634459,-0.898148932597703,0.675503302365541,-1.0632785320075,0.661669697053731,-0.740783709101379,-0.740783709101379,-0.890783709101379,10,"attraction",377
-0.873398075345904,-0.404739503748715,0.126601924654096,-9.40473950374872,0.124419817887247,-10.8851005428471,-0.826532218186185,-0.826532218186185,-0.976532218186185,10,"attraction",378
-0.00785998115316033,0.408242572564632,0.99214001884684,-8.59175742743537,1.0207158987876,-10.3489403469022,0.0337502742186189,0.0337502742186189,-0.116249725781381,10,"attraction",379
0.0144854034297168,-0.0347028239630163,-0.0966257076813943,0.965297176036984,-0.26871205584353,1.01407430949621,0.00956658069044352,0.00956658069044351,-0.140433419309556,10,"attraction",380
-0.00937527045607567,0.878385188058019,0.990624729543924,-8.12161481194198,0.998660334059969,-9.69393525258638,0.0794007753953337,0.0794007753953337,-0.0705992246046663,10,"attraction",381
0.831195411738008,0.0463399677537382,1.83119541173801,-8.95366003224627,1.89118454735726,-10.9935622528195,0.752709867339581,0.752709867339581,0.602709867339581,10,"attraction",382
0.859097536187619,0.432084036991,0.747986425076508,1.432084036991,0.575456792902615,1.48485072655603,0.816396186267957,0.816396186267957,0.666396186267957,10,"attraction",383
-0.384393930900842,0.999662487301975,0.615606069099158,-8.00033751269803,0.622213520295918,-9.55980457346887,-0.24598828908056,-0.24598828908056,-0.39598828908056,10,"attraction",384
-0.907934707589447,-0.160734051838517,-1.01904581870056,0.839265948161483,-1.18754893336445,0.855793980136514,-0.833214642014354,-0.833214642014355,-0.983214642014354,10,"attraction",385
-0.101808009203523,-0.964140446390957,0.898191990796477,-9.96414044639096,0.967286235094071,-12.0859886450693,-0.188041252922267,-0.188041252922267,-0.338041252922267,10,"attraction",386
0.408729468472302,0.261671703774482,0.297618357361191,1.26167170377448,0.122763660891602,1.33536397200078,0.39402369200252,0.39402369200252,0.24402369200252,10,"attraction",387
0.979686572216451,-0.648545519448817,0.86857546110534,0.351454480551183,0.708581007856669,0.291404559789226,0.816863363049924,0.816863363049924,0.666863363049924,10,"attraction",388
-0.0828523933887482,0.819275762420148,-0.193963504499859,1.81927576242015,-0.360118447777091,1.81467025191523,0.00736042219214139,0.00736042219214139,-0.142639577807859,10,"attraction",389
-0.440010225400329,0.842883330769837,-0.55112133651144,1.84288333076984,-0.728005629658906,1.93484196909703,-0.311720869783312,-0.311720869783312,-0.461720869783312,10,"attraction",390
-0.652878402266651,-0.783797027543187,0.347121597733349,-9.78379702754319,0.33122499063611,-11.140727563668,-0.665970264794305,-0.665970264794305,-0.815970264794305,10,"attraction",391
0.270378347486258,0.027552402112633,0.159267236375146,1.02755240211263,-0.00895155145165819,1.04152149255387,0.246095752948895,0.246095752948895,0.0960957529488951,10,"attraction",392
-0.0756446621380746,0.764459870755672,0.924355337861925,-8.23554012924433,0.905305184889585,-9.56408875249326,0.00836579115130005,0.00836579115130009,-0.1416342088487,10,"attraction",393
0.016595893073827,0.325785988476127,-0.0945152180372841,1.32578598847613,-0.256486980606698,1.28353185160086,0.0475149026140571,0.0475149026140571,-0.102485097385943,10,"attraction",394
-0.374714125413448,0.758276267908514,0.625285874586552,-8.24172373209149,0.688489044411108,-10.3105522605125,-0.261415086081252,-0.261415086081251,-0.411415086081251,10,"attraction",395
0.862988205160946,0.253999174106866,1.86298820516095,-8.74600082589314,1.79632337223738,-9.64601732958108,0.802089302055538,0.802089302055538,0.652089302055538,10,"attraction",396
-0.0574911148287356,0.770876423455775,0.942508885171264,-8.22912357654423,0.995338174654171,-10.2045871818904,0.0253456389997154,0.0253456389997153,-0.124654361000284,10,"attraction",397
0.246702170930803,-0.0490508931688964,1.2467021709308,-9.0490508931689,1.3334815738257,-11.330065519223,0.217126864520833,0.217126864520833,0.0671268645208329,10,"attraction",398
-0.437472481280565,0.909459290560335,0.562527518719435,-8.09054070943967,0.528848465206102,-9.28742922781967,-0.302779304096475,-0.302779304096475,-0.452779304096475,10,"attraction",399
0.380923971068114,-0.671553440857679,1.38092397106811,-9.67155344085768,1.35219396627508,-10.9129833977204,0.275676229875535,0.275676229875535,0.125676229875535,10,"attraction",400
